id,type,agent_id,date_creation,date_resolution,priorite
1,Livraison,4,2026-03-31 13:07:31,2026-04-05 14:38:38,low
2,Livraison,2,2026-03-29 13:07:31,2026-03-30 18:26:53,high
3,Livraison,3,2026-03-30 13:07:31,2026-04-04 09:01:17,low
4,Paiement,2,2026-04-15 13:07:31,2026-04-16 14:33:45,medium
5,Technique,4,2026-03-23 13:07:31,2026-03-27 03:38:14,low
6,Service,1,2026-03-25 13:07:31,2026-03-26 11:13:08,low
7,Livraison,2,2026-04-02 13:07:31,2026-04-04 04:51:12,high
8,Service,4,2026-04-18 13:07:31,2026-04-19 07:47:47,low
9,Paiement,3,2026-03-31 13:07:31,2026-03-31 22:07:26,high
10,Technique,4,2026-03-24 13:07:31,2026-03-25 20:15:45,high
11,Livraison,4,2026-04-04 13:07:31,2026-04-09 10:05:04,low
12,Service,2,2026-04-15 13:07:31,2026-04-16 01:48:11,medium
13,Technique,2,2026-04-17 13:07:31,2026-04-18 21:26:01,medium
14,Technique,4,2026-04-13 13:07:31,2026-04-16 15:06:21,low
15,Paiement,5,2026-03-27 13:07:31,2026-03-29 05:37:44,medium
16,Service,4,2026-04-12 13:07:31,2026-04-13 14:16:48,low
17,Paiement,5,2026-04-20 13:07:31,2026-04-22 08:06:27,low
18,Service,3,2026-04-04 13:07:31,2026-04-04 17:44:55,high
19,Service,3,2026-04-14 13:07:31,2026-04-14 14:55:45,high
20,Paiement,4,2026-04-20 13:07:31,2026-04-21 13:58:45,medium
21,Service,5,2026-04-18 13:07:31,2026-04-18 14:07:31,high
22,Paiement,3,2026-04-06 13:07:31,2026-04-08 04:18:54,low
23,Technique,3,2026-04-07 13:07:31,2026-04-10 08:27:23,low
24,Livraison,3,2026-04-06 13:07:31,2026-04-11 05:02:46,low
25,Livraison,2,2026-04-14 13:07:31,2026-04-16 23:01:18,medium
26,Paiement,4,2026-04-17 13:07:31,2026-04-19 03:19:16,low
27,Technique,5,2026-03-23 13:07:31,2026-03-24 22:17:19,high
28,Service,5,2026-03-25 13:07:31,2026-03-26 07:45:41,high
29,Livraison,4,2026-03-31 13:07:31,2026-04-03 12:59:25,medium
30,Technique,4,2026-04-10 13:07:31,2026-04-12 22:23:18,medium
31,Service,2,2026-04-20 13:07:31,2026-04-20 16:58:44,high
32,Paiement,1,2026-03-27 13:07:31,2026-03-28 02:05:27,high
33,Service,5,2026-03-25 13:07:31,2026-03-26 06:22:25,low
34,Paiement,5,2026-04-02 13:07:31,2026-04-04 05:47:31,low
35,Technique,4,2026-03-28 13:07:31,2026-03-29 13:06:34,high
36,Paiement,4,2026-04-04 13:07:31,2026-04-06 01:52:34,low
37,Technique,4,2026-04-16 13:07:31,2026-04-18 23:21:32,medium
38,Paiement,1,2026-04-04 13:07:31,2026-04-05 03:45:00,high
39,Technique,2,2026-04-20 13:07:31,2026-04-22 07:55:29,medium
40,Livraison,2,2026-04-09 13:07:31,2026-04-13 13:07:06,low
41,Technique,4,2026-04-15 13:07:31,2026-04-16 11:38:55,high
42,Service,5,2026-04-15 13:07:31,2026-04-16 07:23:27,medium
43,Technique,3,2026-03-23 13:07:31,2026-03-24 08:10:21,high
44,Livraison,4,2026-04-17 13:07:31,2026-04-19 01:53:37,high
45,Livraison,2,2026-04-14 13:07:31,2026-04-15 18:50:40,high
46,Service,1,2026-04-13 13:07:31,2026-04-14 09:00:28,low
47,Service,2,2026-04-03 13:07:31,2026-04-04 11:10:16,low
48,Livraison,2,2026-04-14 13:07:31,2026-04-16 01:53:30,high
49,Service,2,2026-04-20 13:07:31,2026-04-20 20:46:21,low
50,Service,4,2026-04-16 13:07:31,2026-04-17 09:31:12,low
51,Service,3,2026-04-05 13:07:31,2026-04-05 14:07:31,high
52,Service,3,2026-03-28 13:07:31,2026-03-28 18:31:22,medium
53,Paiement,4,2026-04-05 13:07:31,2026-04-06 06:35:43,high
54,Technique,1,2026-03-27 13:07:31,2026-03-28 17:16:05,high
55,Paiement,2,2026-04-05 13:07:31,2026-04-06 20:03:15,medium
56,Paiement,1,2026-04-17 13:07:31,2026-04-18 20:17:40,low
57,Paiement,5,2026-04-05 13:07:31,2026-04-05 22:43:33,high
58,Service,3,2026-03-30 13:07:31,2026-03-31 00:38:59,high
59,Livraison,5,2026-04-19 13:07:31,2026-04-21 09:42:31,high
60,Paiement,1,2026-04-20 13:07:31,2026-04-21 02:51:40,high
61,Paiement,4,2026-04-04 13:07:31,2026-04-06 18:38:42,low
62,Service,1,2026-03-23 13:07:31,2026-03-23 22:34:09,medium
63,Technique,5,2026-03-31 13:07:31,2026-04-02 22:06:16,medium
64,Livraison,3,2026-04-01 13:07:31,2026-04-06 04:49:37,low
65,Livraison,5,2026-04-18 13:07:31,2026-04-23 19:40:42,low
66,Service,2,2026-04-11 13:07:31,2026-04-12 01:15:27,low
67,Livraison,2,2026-04-06 13:07:31,2026-04-07 17:06:21,high
68,Technique,2,2026-03-25 13:07:31,2026-03-26 11:29:38,high
69,Technique,2,2026-04-10 13:07:31,2026-04-12 12:41:15,medium
70,Technique,5,2026-03-29 13:07:31,2026-04-01 04:03:22,medium
71,Technique,3,2026-04-08 13:07:31,2026-04-10 15:42:02,medium
72,Service,1,2026-04-05 13:07:31,2026-04-06 17:59:20,medium
73,Technique,4,2026-04-19 13:07:31,2026-04-20 09:45:45,high
74,Service,3,2026-03-26 13:07:31,2026-03-26 23:37:17,low
75,Livraison,5,2026-04-01 13:07:31,2026-04-05 01:27:09,medium
76,Technique,3,2026-04-20 13:07:31,2026-04-23 13:31:34,low
77,Service,5,2026-04-01 13:07:31,2026-04-02 16:46:38,low
78,Technique,3,2026-04-13 13:07:31,2026-04-14 12:22:08,high
79,Service,5,2026-04-04 13:07:31,2026-04-04 17:23:58,medium
80,Service,3,2026-03-29 13:07:31,2026-03-30 02:03:27,medium
81,Technique,5,2026-03-26 13:07:31,2026-03-28 18:51:58,medium
82,Technique,1,2026-04-19 13:07:31,2026-04-20 16:37:54,high
83,Service,1,2026-03-30 13:07:31,2026-03-31 05:24:42,low
84,Paiement,3,2026-04-05 13:07:31,2026-04-06 21:22:55,medium
85,Livraison,5,2026-04-09 13:07:31,2026-04-13 05:44:39,medium
86,Service,2,2026-04-05 13:07:31,2026-04-06 03:47:54,medium
87,Paiement,4,2026-03-26 13:07:31,2026-03-28 15:17:27,low
88,Technique,5,2026-04-01 13:07:31,2026-04-03 20:13:59,medium
89,Livraison,2,2026-03-28 13:07:31,2026-03-31 05:56:03,medium
90,Paiement,5,2026-04-19 13:07:31,2026-04-20 07:18:18,high
91,Paiement,4,2026-04-18 13:07:31,2026-04-19 05:21:52,high
92,Service,1,2026-03-23 13:07:31,2026-03-24 08:41:16,low
93,Livraison,3,2026-04-13 13:07:31,2026-04-18 06:48:37,low
94,Technique,3,2026-04-08 13:07:31,2026-04-11 15:21:35,low
95,Service,2,2026-04-04 13:07:31,2026-04-05 06:43:49,low
96,Technique,5,2026-04-11 13:07:31,2026-04-13 19:36:42,medium
97,Technique,2,2026-03-31 13:07:31,2026-04-01 07:36:50,high
98,Technique,5,2026-03-23 13:07:31,2026-03-24 16:08:52,high
99,Service,4,2026-04-11 13:07:31,2026-04-12 05:46:36,low
100,Paiement,1,2026-04-04 13:07:31,2026-04-05 03:06:32,high
101,Livraison,4,2026-03-29 13:07:31,2026-04-01 22:47:09,medium
102,Technique,5,2026-03-29 13:07:31,2026-04-01 19:53:17,low
103,Paiement,1,2026-03-30 13:07:31,2026-03-31 05:15:09,high
104,Paiement,3,2026-04-04 13:07:31,2026-04-05 01:13:49,high
105,Service,4,2026-04-01 13:07:31,2026-04-02 10:32:46,low
106,Livraison,2,2026-04-05 13:07:31,2026-04-06 20:52:28,high
107,Paiement,5,2026-03-31 13:07:31,2026-04-01 09:08:34,high
108,Service,5,2026-04-05 13:07:31,2026-04-06 07:02:28,high
109,Paiement,5,2026-03-26 13:07:31,2026-03-28 04:49:46,low
110,Paiement,3,2026-03-23 13:07:31,2026-03-24 01:04:52,high
111,Livraison,3,2026-04-15 13:07:31,2026-04-18 13:34:32,medium
112,Livraison,5,2026-04-12 13:07:31,2026-04-16 03:56:20,medium
113,Technique,3,2026-04-15 13:07:31,2026-04-17 13:20:49,medium
114,Livraison,5,2026-03-30 13:07:31,2026-04-04 16:50:40,low
115,Service,1,2026-04-17 13:07:31,2026-04-17 18:51:23,high
116,Technique,4,2026-04-02 13:07:31,2026-04-03 19:39:22,high
117,Paiement,4,2026-04-02 13:07:31,2026-04-03 10:25:43,medium
118,Livraison,3,2026-04-08 13:07:31,2026-04-13 05:17:06,low
119,Technique,4,2026-04-20 13:07:31,2026-04-22 19:32:20,medium
120,Livraison,5,2026-03-27 13:07:31,2026-03-30 23:23:21,medium
121,Livraison,4,2026-03-31 13:07:31,2026-04-05 12:12:44,low
122,Technique,2,2026-04-08 13:07:31,2026-04-11 01:42:17,low
123,Paiement,5,2026-03-27 13:07:31,2026-03-28 22:08:35,medium
124,Technique,1,2026-04-07 13:07:31,2026-04-09 17:23:37,low
125,Livraison,1,2026-03-29 13:07:31,2026-04-01 23:02:20,low
126,Paiement,3,2026-04-05 13:07:31,2026-04-06 20:45:16,medium
127,Service,4,2026-03-26 13:07:31,2026-03-27 04:43:36,low
128,Service,2,2026-03-24 13:07:31,2026-03-24 20:55:42,medium
129,Service,5,2026-04-04 13:07:31,2026-04-05 09:06:30,low
130,Paiement,1,2026-04-01 13:07:31,2026-04-02 09:37:29,low
131,Paiement,4,2026-04-16 13:07:31,2026-04-18 04:06:41,low
132,Livraison,1,2026-04-11 13:07:31,2026-04-14 01:58:11,medium
133,Service,2,2026-04-06 13:07:31,2026-04-07 00:25:21,high
134,Paiement,3,2026-03-26 13:07:31,2026-03-27 22:46:46,low
135,Livraison,1,2026-04-20 13:07:31,2026-04-23 00:01:07,medium
136,Technique,1,2026-04-20 13:07:31,2026-04-21 14:29:16,high
137,Paiement,4,2026-04-18 13:07:31,2026-04-20 12:55:10,low
138,Paiement,5,2026-04-16 13:07:31,2026-04-18 09:27:05,low
139,Technique,2,2026-04-07 13:07:31,2026-04-08 09:09:36,high
140,Paiement,3,2026-04-08 13:07:31,2026-04-09 17:07:46,low
141,Service,1,2026-04-18 13:07:31,2026-04-18 14:07:31,low
142,Livraison,2,2026-03-30 13:07:31,2026-04-03 12:59:02,low
143,Service,5,2026-04-05 13:07:31,2026-04-06 02:16:49,medium
144,Livraison,5,2026-04-07 13:07:31,2026-04-13 03:34:59,low
145,Technique,3,2026-04-19 13:07:31,2026-04-20 14:17:33,high
146,Technique,2,2026-04-03 13:07:31,2026-04-05 12:20:18,medium
147,Technique,3,2026-04-15 13:07:31,2026-04-16 11:46:41,high
148,Paiement,4,2026-03-29 13:07:31,2026-03-30 19:06:46,medium
149,Technique,3,2026-03-24 13:07:31,2026-03-27 13:03:06,low
150,Service,5,2026-04-15 13:07:31,2026-04-16 07:30:26,medium
151,Paiement,2,2026-04-10 13:07:31,2026-04-11 23:24:11,low
152,Livraison,1,2026-03-29 13:07:31,2026-03-30 11:04:02,high
153,Service,3,2026-04-17 13:07:31,2026-04-17 20:35:06,medium
154,Service,1,2026-04-18 13:07:31,2026-04-18 20:43:49,high
155,Livraison,5,2026-03-31 13:07:31,2026-04-03 20:41:49,medium
156,Paiement,2,2026-03-23 13:07:31,2026-03-24 13:14:45,medium
157,Technique,5,2026-03-26 13:07:31,2026-03-28 22:11:24,medium
158,Technique,2,2026-04-07 13:07:31,2026-04-10 00:44:56,low
159,Technique,5,2026-04-10 13:07:31,2026-04-11 14:25:36,high
160,Livraison,5,2026-03-26 13:07:31,2026-03-31 23:47:42,low
161,Service,1,2026-04-06 13:07:31,2026-04-07 04:24:57,low
162,Livraison,2,2026-04-07 13:07:31,2026-04-08 21:42:12,high
163,Service,2,2026-03-29 13:07:31,2026-03-30 07:19:35,low
164,Technique,3,2026-03-24 13:07:31,2026-03-25 09:12:09,high
165,Paiement,2,2026-03-27 13:07:31,2026-03-28 04:52:35,medium
166,Livraison,5,2026-04-14 13:07:31,2026-04-17 19:13:47,medium
167,Paiement,1,2026-03-27 13:07:31,2026-03-27 23:06:05,high
168,Paiement,5,2026-04-17 13:07:31,2026-04-19 03:57:01,low
169,Technique,3,2026-04-06 13:07:31,2026-04-09 08:45:19,low
170,Technique,2,2026-04-13 13:07:31,2026-04-14 10:42:31,high
171,Service,1,2026-04-01 13:07:31,2026-04-01 14:07:31,high
172,Technique,2,2026-03-28 13:07:31,2026-03-29 05:02:45,high
173,Livraison,5,2026-03-30 13:07:31,2026-04-02 20:31:56,medium
174,Paiement,4,2026-04-10 13:07:31,2026-04-11 18:20:24,medium
175,Technique,1,2026-04-10 13:07:31,2026-04-11 09:11:42,high
176,Service,1,2026-03-28 13:07:31,2026-03-29 03:15:52,medium
177,Technique,3,2026-04-13 13:07:31,2026-04-15 13:37:19,medium
178,Technique,3,2026-04-09 13:07:31,2026-04-12 16:52:56,low
179,Paiement,2,2026-04-01 13:07:31,2026-04-02 06:10:36,medium
180,Paiement,4,2026-04-20 13:07:31,2026-04-21 05:31:06,high
181,Technique,5,2026-04-10 13:07:31,2026-04-12 22:23:41,medium
182,Livraison,1,2026-04-03 13:07:31,2026-04-05 16:40:12,medium
183,Service,2,2026-04-20 13:07:31,2026-04-21 10:21:24,low
184,Livraison,5,2026-04-04 13:07:31,2026-04-09 19:50:27,low
185,Paiement,3,2026-04-04 13:07:31,2026-04-04 14:07:31,high
186,Paiement,4,2026-04-07 13:07:31,2026-04-08 11:32:27,medium
187,Paiement,3,2026-04-20 13:07:31,2026-04-21 22:34:59,low
188,Service,4,2026-04-13 13:07:31,2026-04-14 02:42:58,low
189,Livraison,1,2026-03-31 13:07:31,2026-04-04 01:05:14,low
190,Paiement,5,2026-03-25 13:07:31,2026-03-26 01:21:45,high
191,Technique,2,2026-03-27 13:07:31,2026-03-29 12:40:51,medium
192,Technique,3,2026-04-15 13:07:31,2026-04-18 11:29:42,low
193,Paiement,1,2026-04-19 13:07:31,2026-04-20 11:52:22,low
194,Technique,5,2026-04-14 13:07:31,2026-04-15 09:51:29,high
195,Livraison,3,2026-04-01 13:07:31,2026-04-03 05:42:22,high
196,Livraison,5,2026-04-01 13:07:31,2026-04-07 04:10:37,low
197,Technique,3,2026-04-16 13:07:31,2026-04-19 10:49:42,low
198,Livraison,1,2026-04-17 13:07:31,2026-04-19 18:28:34,medium
199,Technique,2,2026-03-30 13:07:31,2026-04-01 16:32:08,medium
200,Technique,5,2026-04-06 13:07:31,2026-04-07 17:43:52,high
201,Service,5,2026-04-06 13:07:31,2026-04-06 18:06:13,high
202,Service,4,2026-04-19 13:07:31,2026-04-20 10:48:42,low
203,Livraison,3,2026-03-25 13:07:31,2026-03-27 09:39:22,high
204,Paiement,4,2026-04-11 13:07:31,2026-04-12 04:54:37,high
205,Service,2,2026-04-13 13:07:31,2026-04-14 03:44:05,medium
206,Technique,2,2026-04-20 13:07:31,2026-04-23 06:59:19,low
207,Livraison,4,2026-04-17 13:07:31,2026-04-19 05:16:20,high
208,Paiement,5,2026-04-11 13:07:31,2026-04-12 07:09:14,high
209,Paiement,4,2026-03-23 13:07:31,2026-03-23 19:37:05,high
210,Technique,1,2026-04-10 13:07:31,2026-04-12 12:57:34,medium
211,Livraison,1,2026-04-17 13:07:31,2026-04-19 19:35:17,medium
212,Technique,1,2026-03-30 13:07:31,2026-04-01 20:14:54,low
213,Livraison,3,2026-04-12 13:07:31,2026-04-13 22:11:05,high
214,Technique,4,2026-03-31 13:07:31,2026-04-03 19:39:29,low
215,Technique,1,2026-04-10 13:07:31,2026-04-11 12:35:11,high
216,Technique,2,2026-04-03 13:07:31,2026-04-03 23:07:17,high
217,Livraison,2,2026-04-09 13:07:31,2026-04-10 14:00:41,high
218,Livraison,3,2026-03-28 13:07:31,2026-03-31 11:49:17,medium
219,Paiement,4,2026-03-26 13:07:31,2026-03-27 11:56:01,medium
220,Service,2,2026-04-04 13:07:31,2026-04-05 09:51:17,low
221,Livraison,1,2026-03-24 13:07:31,2026-03-28 02:10:51,low
222,Livraison,5,2026-04-14 13:07:31,2026-04-19 17:11:33,low
223,Paiement,5,2026-04-02 13:07:31,2026-04-03 14:00:45,medium
224,Technique,5,2026-04-08 13:07:31,2026-04-12 06:53:48,low
225,Paiement,3,2026-04-03 13:07:31,2026-04-04 18:19:31,medium
226,Technique,4,2026-04-03 13:07:31,2026-04-06 15:19:20,low
227,Technique,3,2026-03-29 13:07:31,2026-03-30 11:37:55,high
228,Livraison,3,2026-04-11 13:07:31,2026-04-14 09:32:46,medium
229,Livraison,2,2026-04-20 13:07:31,2026-04-24 19:00:13,low
230,Paiement,3,2026-03-25 13:07:31,2026-03-26 07:28:59,high
231,Livraison,5,2026-04-02 13:07:31,2026-04-06 07:35:17,medium
232,Paiement,4,2026-04-13 13:07:31,2026-04-13 16:55:18,high
233,Technique,3,2026-04-05 13:07:31,2026-04-07 19:22:27,medium
234,Service,4,2026-03-30 13:07:31,2026-03-31 11:01:37,low
235,Paiement,2,2026-03-31 13:07:31,2026-04-01 06:44:27,high
236,Livraison,5,2026-04-17 13:07:31,2026-04-19 12:10:29,high
237,Paiement,4,2026-04-19 13:07:31,2026-04-20 09:19:04,medium
238,Livraison,4,2026-04-16 13:07:31,2026-04-21 07:50:37,low
239,Technique,1,2026-03-26 13:07:31,2026-03-28 01:41:25,medium
240,Technique,4,2026-04-11 13:07:31,2026-04-14 22:41:14,low
241,Technique,3,2026-04-03 13:07:31,2026-04-05 06:27:14,medium
242,Livraison,1,2026-04-12 13:07:31,2026-04-14 22:07:05,medium
243,Service,2,2026-03-30 13:07:31,2026-03-30 22:32:00,low
244,Livraison,4,2026-03-26 13:07:31,2026-03-29 17:58:41,medium
245,Paiement,5,2026-04-04 13:07:31,2026-04-05 09:46:38,medium
246,Paiement,1,2026-03-26 13:07:31,2026-03-27 11:05:04,medium
247,Service,5,2026-04-15 13:07:31,2026-04-16 01:24:15,medium
248,Livraison,2,2026-03-27 13:07:31,2026-03-31 11:05:39,low
249,Paiement,2,2026-03-26 13:07:31,2026-03-27 19:54:32,low
250,Technique,2,2026-04-10 13:07:31,2026-04-12 14:02:26,medium
251,Paiement,3,2026-03-31 13:07:31,2026-04-01 17:57:12,low
252,Livraison,3,2026-03-25 13:07:31,2026-03-30 04:01:49,low
253,Livraison,3,2026-03-30 13:07:31,2026-04-02 23:31:54,medium
254,Technique,5,2026-03-26 13:07:31,2026-03-30 02:00:09,low
255,Service,4,2026-03-25 13:07:31,2026-03-25 16:50:49,high
256,Paiement,3,2026-04-12 13:07:31,2026-04-13 13:44:07,medium
257,Technique,2,2026-04-20 13:07:31,2026-04-22 23:35:06,low
258,Paiement,5,2026-04-13 13:07:31,2026-04-13 20:52:46,high
259,Technique,1,2026-04-04 13:07:31,2026-04-05 13:15:14,high
260,Paiement,1,2026-03-27 13:07:31,2026-03-28 05:21:10,medium
261,Livraison,1,2026-04-04 13:07:31,2026-04-05 21:23:00,high
262,Livraison,5,2026-04-05 13:07:31,2026-04-09 09:57:21,medium
263,Technique,1,2026-03-26 13:07:31,2026-03-27 19:53:33,medium
264,Paiement,5,2026-04-06 13:07:31,2026-04-07 17:38:08,medium
265,Service,2,2026-04-06 13:07:31,2026-04-06 14:07:31,high
266,Paiement,1,2026-04-05 13:07:31,2026-04-05 21:19:40,high
267,Service,2,2026-04-01 13:07:31,2026-04-01 18:19:39,high
268,Livraison,3,2026-03-25 13:07:31,2026-03-28 16:31:58,medium
269,Technique,1,2026-03-24 13:07:31,2026-03-25 20:29:58,medium
270,Paiement,2,2026-04-16 13:07:31,2026-04-17 02:25:49,high
271,Livraison,2,2026-03-28 13:07:31,2026-03-30 04:44:46,high
272,Paiement,4,2026-03-30 13:07:31,2026-03-31 19:12:09,low
273,Paiement,5,2026-04-09 13:07:31,2026-04-10 04:41:20,medium
274,Technique,2,2026-04-18 13:07:31,2026-04-19 14:22:22,high
275,Technique,2,2026-03-25 13:07:31,2026-03-27 11:31:47,medium
276,Livraison,4,2026-04-04 13:07:31,2026-04-09 11:03:56,low
277,Paiement,5,2026-03-27 13:07:31,2026-03-29 00:17:53,low
278,Technique,1,2026-04-14 13:07:31,2026-04-15 11:09:52,high
279,Service,5,2026-04-07 13:07:31,2026-04-08 08:37:27,low
280,Service,2,2026-04-16 13:07:31,2026-04-16 22:30:59,medium
281,Paiement,1,2026-04-04 13:07:31,2026-04-05 17:45:06,low
282,Paiement,4,2026-03-26 13:07:31,2026-03-27 03:29:47,high
283,Paiement,5,2026-03-28 13:07:31,2026-03-30 07:29:48,low
284,Livraison,3,2026-04-08 13:07:31,2026-04-11 08:59:50,medium
285,Technique,1,2026-03-31 13:07:31,2026-04-01 09:09:27,high
286,Livraison,5,2026-04-11 13:07:31,2026-04-15 05:59:15,medium
287,Livraison,2,2026-04-18 13:07:31,2026-04-22 11:12:34,low
288,Service,5,2026-03-30 13:07:31,2026-03-31 07:56:52,low
289,Livraison,1,2026-04-03 13:07:31,2026-04-07 01:39:30,low
290,Technique,1,2026-04-18 13:07:31,2026-04-19 02:27:26,high
291,Technique,5,2026-04-07 13:07:31,2026-04-11 15:18:43,low
292,Paiement,2,2026-04-12 13:07:31,2026-04-13 04:36:52,high
293,Service,3,2026-04-16 13:07:31,2026-04-16 21:50:34,high
294,Livraison,3,2026-03-28 13:07:31,2026-03-31 18:32:36,medium
295,Service,3,2026-04-16 13:07:31,2026-04-17 07:21:11,low
296,Service,5,2026-04-08 13:07:31,2026-04-09 07:34:13,low
297,Paiement,2,2026-03-26 13:07:31,2026-03-28 10:09:35,low
298,Livraison,2,2026-04-08 13:07:31,2026-04-09 18:52:15,high
299,Paiement,1,2026-03-24 13:07:31,2026-03-25 13:50:01,medium
300,Paiement,3,2026-04-05 13:07:31,2026-04-06 01:26:36,high
301,Paiement,5,2026-03-24 13:07:31,2026-03-25 05:06:51,high
302,Livraison,5,2026-04-08 13:07:31,2026-04-10 05:10:39,high
303,Technique,1,2026-04-14 13:07:31,2026-04-15 05:36:57,high
304,Livraison,2,2026-04-07 13:07:31,2026-04-10 09:07:11,medium
305,Paiement,5,2026-04-13 13:07:31,2026-04-14 06:47:16,high
306,Livraison,2,2026-04-18 13:07:31,2026-04-22 04:51:45,low
307,Service,3,2026-04-19 13:07:31,2026-04-20 00:53:35,medium
308,Livraison,4,2026-04-16 13:07:31,2026-04-18 03:04:32,high
309,Paiement,4,2026-03-30 13:07:31,2026-03-31 19:17:05,medium
310,Paiement,2,2026-04-03 13:07:31,2026-04-04 04:48:35,high
311,Technique,5,2026-04-14 13:07:31,2026-04-15 19:45:39,high
312,Paiement,3,2026-04-15 13:07:31,2026-04-16 22:29:46,low
313,Livraison,3,2026-04-07 13:07:31,2026-04-08 22:20:57,high
314,Technique,5,2026-04-18 13:07:31,2026-04-22 12:55:52,low
315,Paiement,1,2026-04-10 13:07:31,2026-04-11 05:13:07,high
316,Service,2,2026-04-07 13:07:31,2026-04-07 19:03:49,high
317,Service,3,2026-03-26 13:07:31,2026-03-26 14:07:31,high
318,Service,2,2026-04-18 13:07:31,2026-04-19 02:29:31,low
319,Service,1,2026-04-09 13:07:31,2026-04-10 06:02:14,low
320,Service,3,2026-03-27 13:07:31,2026-03-28 09:43:46,medium
321,Paiement,5,2026-04-03 13:07:31,2026-04-05 07:31:55,low
322,Service,3,2026-04-09 13:07:31,2026-04-10 01:11:31,low
323,Paiement,4,2026-03-27 13:07:31,2026-03-28 21:46:16,medium
324,Technique,1,2026-04-09 13:07:31,2026-04-11 05:58:56,medium
325,Service,4,2026-03-30 13:07:31,2026-03-31 08:43:28,low
326,Technique,5,2026-04-19 13:07:31,2026-04-22 20:22:17,low
327,Service,3,2026-04-03 13:07:31,2026-04-04 06:31:49,low
328,Technique,3,2026-03-27 13:07:31,2026-03-30 07:14:09,low
329,Paiement,4,2026-04-02 13:07:31,2026-04-03 16:48:55,medium
330,Service,1,2026-04-09 13:07:31,2026-04-10 05:52:15,low
331,Paiement,4,2026-03-24 13:07:31,2026-03-26 03:37:13,low
332,Paiement,2,2026-04-20 13:07:31,2026-04-21 21:39:35,low
333,Paiement,5,2026-04-14 13:07:31,2026-04-15 12:55:02,medium
334,Technique,2,2026-04-06 13:07:31,2026-04-08 06:55:11,medium
335,Technique,2,2026-03-23 13:07:31,2026-03-24 12:29:05,high
336,Livraison,3,2026-04-12 13:07:31,2026-04-15 13:47:21,medium
337,Technique,1,2026-04-09 13:07:31,2026-04-10 00:39:23,high
338,Service,2,2026-04-01 13:07:31,2026-04-02 04:13:51,medium
339,Technique,3,2026-03-26 13:07:31,2026-03-27 19:42:44,high
340,Livraison,3,2026-04-12 13:07:31,2026-04-14 02:06:47,high
341,Service,2,2026-04-08 13:07:31,2026-04-08 20:40:05,medium
342,Livraison,2,2026-03-29 13:07:31,2026-03-30 19:06:21,high
343,Technique,4,2026-03-29 13:07:31,2026-04-01 22:56:22,low
344,Service,3,2026-04-15 13:07:31,2026-04-15 22:15:24,medium
345,Technique,3,2026-03-25 13:07:31,2026-03-27 15:39:19,medium
346,Livraison,4,2026-04-02 13:07:31,2026-04-05 10:20:17,medium
347,Livraison,5,2026-04-14 13:07:31,2026-04-19 16:00:06,low
348,Service,1,2026-03-31 13:07:31,2026-03-31 20:52:28,medium
349,Livraison,2,2026-03-24 13:07:31,2026-03-28 16:14:34,low
350,Service,4,2026-04-04 13:07:31,2026-04-05 07:28:55,medium
351,Livraison,1,2026-04-19 13:07:31,2026-04-21 22:11:54,medium
352,Livraison,2,2026-04-14 13:07:31,2026-04-17 14:49:46,medium
353,Technique,3,2026-04-18 13:07:31,2026-04-19 08:41:03,high
354,Paiement,2,2026-04-06 13:07:31,2026-04-07 14:42:36,low
355,Paiement,3,2026-03-29 13:07:31,2026-03-30 15:35:43,medium
356,Technique,4,2026-04-07 13:07:31,2026-04-09 19:13:43,medium
357,Technique,5,2026-03-30 13:07:31,2026-04-03 02:59:19,low
358,Service,5,2026-04-07 13:07:31,2026-04-07 16:38:44,high
359,Service,1,2026-03-27 13:07:31,2026-03-28 00:03:59,medium
360,Paiement,4,2026-04-18 13:07:31,2026-04-19 11:57:26,medium
361,Paiement,5,2026-04-17 13:07:31,2026-04-18 12:06:32,high
362,Paiement,3,2026-04-18 13:07:31,2026-04-19 20:48:48,medium
363,Technique,2,2026-04-20 13:07:31,2026-04-23 10:54:24,low
364,Paiement,4,2026-04-09 13:07:31,2026-04-09 23:51:23,high
365,Paiement,1,2026-04-16 13:07:31,2026-04-17 12:33:38,medium
366,Paiement,1,2026-04-06 13:07:31,2026-04-07 04:50:16,high
367,Technique,4,2026-04-19 13:07:31,2026-04-20 13:53:27,high
368,Paiement,5,2026-03-23 13:07:31,2026-03-24 15:10:14,medium
369,Paiement,3,2026-04-09 13:07:31,2026-04-10 14:04:48,medium
370,Technique,4,2026-04-03 13:07:31,2026-04-06 15:51:09,low
371,Service,3,2026-03-28 13:07:31,2026-03-28 19:27:50,high
372,Livraison,3,2026-03-29 13:07:31,2026-04-01 15:07:33,medium
373,Service,4,2026-03-29 13:07:31,2026-03-29 15:01:58,high
374,Service,2,2026-04-20 13:07:31,2026-04-21 08:32:48,low
375,Livraison,5,2026-04-19 13:07:31,2026-04-23 02:34:18,medium
376,Paiement,2,2026-04-11 13:07:31,2026-04-12 01:00:44,high
377,Technique,2,2026-04-13 13:07:31,2026-04-15 13:08:24,medium
378,Paiement,4,2026-04-13 13:07:31,2026-04-14 03:51:48,high
379,Paiement,4,2026-04-07 13:07:31,2026-04-09 07:48:55,low
380,Paiement,5,2026-03-26 13:07:31,2026-03-28 09:01:49,low
381,Technique,4,2026-04-05 13:07:31,2026-04-07 17:36:16,medium
382,Paiement,1,2026-04-08 13:07:31,2026-04-09 19:34:08,low
383,Livraison,1,2026-04-07 13:07:31,2026-04-08 16:42:16,high
384,Service,3,2026-04-19 13:07:31,2026-04-20 05:56:44,medium
385,Technique,5,2026-04-20 13:07:31,2026-04-24 07:28:29,low
386,Service,1,2026-04-06 13:07:31,2026-04-07 01:34:05,low
387,Paiement,4,2026-03-24 13:07:31,2026-03-25 23:29:52,medium
388,Paiement,1,2026-04-04 13:07:31,2026-04-05 13:41:25,low
389,Service,1,2026-04-11 13:07:31,2026-04-12 02:08:07,high
390,Technique,1,2026-03-31 13:07:31,2026-04-01 13:22:27,high
391,Technique,2,2026-04-17 13:07:31,2026-04-19 00:10:19,medium
392,Livraison,3,2026-04-15 13:07:31,2026-04-17 01:58:48,high
393,Technique,2,2026-04-10 13:07:31,2026-04-11 17:19:08,high
394,Livraison,5,2026-03-27 13:07:31,2026-03-29 08:45:34,high
395,Service,3,2026-03-23 13:07:31,2026-03-23 15:21:19,high
396,Service,5,2026-03-25 13:07:31,2026-03-26 02:07:19,medium
397,Paiement,4,2026-04-03 13:07:31,2026-04-03 22:10:50,high
398,Technique,1,2026-04-17 13:07:31,2026-04-19 23:32:33,low
399,Technique,1,2026-04-11 13:07:31,2026-04-13 06:16:32,medium
400,Livraison,5,2026-04-14 13:07:31,2026-04-16 03:29:00,high
401,Livraison,1,2026-03-30 13:07:31,2026-04-01 18:36:44,medium
402,Paiement,4,2026-04-11 13:07:31,2026-04-13 03:58:25,low
403,Livraison,3,2026-03-30 13:07:31,2026-04-04 07:09:21,low
404,Service,1,2026-04-12 13:07:31,2026-04-13 00:38:42,medium
405,Livraison,2,2026-03-28 13:07:31,2026-03-31 09:37:26,medium
406,Service,1,2026-03-25 13:07:31,2026-03-25 21:27:23,medium
407,Paiement,4,2026-04-14 13:07:31,2026-04-15 18:59:19,medium
408,Technique,1,2026-04-02 13:07:31,2026-04-04 05:48:46,medium
409,Service,2,2026-04-04 13:07:31,2026-04-04 23:36:52,low
410,Livraison,4,2026-04-20 13:07:31,2026-04-23 19:04:25,medium
411,Livraison,5,2026-04-18 13:07:31,2026-04-23 19:59:16,low
412,Service,3,2026-04-12 13:07:31,2026-04-12 20:26:11,medium
413,Technique,5,2026-04-03 13:07:31,2026-04-07 06:51:36,low
414,Livraison,2,2026-03-23 13:07:31,2026-03-25 22:10:39,medium
415,Livraison,1,2026-04-15 13:07:31,2026-04-19 05:28:30,low
416,Technique,5,2026-04-17 13:07:31,2026-04-20 04:44:44,medium
417,Service,5,2026-04-20 13:07:31,2026-04-21 02:34:04,low
418,Livraison,1,2026-04-17 13:07:31,2026-04-19 01:49:48,high
419,Paiement,1,2026-03-31 13:07:31,2026-04-01 05:43:14,medium
420,Service,2,2026-03-30 13:07:31,2026-03-30 19:33:08,high
421,Service,5,2026-03-29 13:07:31,2026-03-30 09:39:49,medium
422,Service,2,2026-04-04 13:07:31,2026-04-04 17:52:37,medium
423,Livraison,2,2026-04-09 13:07:31,2026-04-10 18:00:00,high
424,Technique,4,2026-04-08 13:07:31,2026-04-11 20:02:47,low
425,Paiement,1,2026-03-27 13:07:31,2026-03-27 18:09:01,high
426,Livraison,4,2026-04-05 13:07:31,2026-04-10 12:19:54,low
427,Service,4,2026-04-16 13:07:31,2026-04-16 14:15:49,high
428,Service,4,2026-03-27 13:07:31,2026-03-28 07:20:35,low
429,Technique,5,2026-04-20 13:07:31,2026-04-23 02:47:30,medium
430,Paiement,4,2026-04-01 13:07:31,2026-04-02 12:05:37,medium
431,Technique,5,2026-04-08 13:07:31,2026-04-10 21:16:16,medium
432,Technique,1,2026-04-19 13:07:31,2026-04-21 20:41:10,low
433,Livraison,1,2026-03-29 13:07:31,2026-04-02 10:04:32,low
434,Technique,4,2026-03-29 13:07:31,2026-03-31 18:07:16,medium
435,Technique,3,2026-04-16 13:07:31,2026-04-18 14:22:54,medium
436,Service,2,2026-04-04 13:07:31,2026-04-04 18:31:03,high
437,Technique,2,2026-04-07 13:07:31,2026-04-10 10:31:14,low
438,Technique,3,2026-04-01 13:07:31,2026-04-02 11:40:26,high
439,Technique,1,2026-04-19 13:07:31,2026-04-20 02:23:08,high
440,Livraison,2,2026-04-01 13:07:31,2026-04-04 04:09:36,medium
441,Technique,2,2026-04-20 13:07:31,2026-04-23 02:18:51,low
442,Service,1,2026-04-05 13:07:31,2026-04-06 11:52:17,medium
443,Technique,5,2026-03-31 13:07:31,2026-04-01 13:55:39,high
444,Technique,4,2026-04-06 13:07:31,2026-04-09 22:04:59,low
445,Service,5,2026-03-23 13:07:31,2026-03-24 14:21:15,low
446,Livraison,2,2026-04-02 13:07:31,2026-04-03 19:13:49,high
447,Livraison,3,2026-04-19 13:07:31,2026-04-24 00:03:29,low
448,Technique,3,2026-03-23 13:07:31,2026-03-25 20:34:44,medium
449,Livraison,1,2026-04-12 13:07:31,2026-04-13 15:06:25,high
450,Service,3,2026-04-05 13:07:31,2026-04-05 17:04:14,high
451,Service,4,2026-04-04 13:07:31,2026-04-05 09:43:41,low
452,Paiement,4,2026-04-01 13:07:31,2026-04-03 04:44:26,low
453,Service,4,2026-04-01 13:07:31,2026-04-01 21:06:19,medium
454,Livraison,5,2026-04-14 13:07:31,2026-04-16 07:16:49,high
455,Livraison,4,2026-03-30 13:07:31,2026-04-02 23:01:57,medium
456,Paiement,2,2026-03-25 13:07:31,2026-03-26 14:31:15,medium
457,Paiement,5,2026-04-16 13:07:31,2026-04-17 12:57:28,medium
458,Paiement,5,2026-03-26 13:07:31,2026-03-28 11:13:20,low
459,Technique,5,2026-04-04 13:07:31,2026-04-08 02:54:48,low
460,Service,3,2026-03-31 13:07:31,2026-03-31 16:56:58,high
461,Service,5,2026-04-18 13:07:31,2026-04-19 07:11:13,medium
462,Paiement,5,2026-04-15 13:07:31,2026-04-17 02:08:01,low
463,Technique,5,2026-04-20 13:07:31,2026-04-22 19:22:47,medium
464,Technique,4,2026-04-20 13:07:31,2026-04-24 01:31:29,low
465,Technique,2,2026-03-24 13:07:31,2026-03-26 12:22:11,medium
466,Livraison,2,2026-03-30 13:07:31,2026-03-31 17:58:23,high
467,Service,1,2026-04-08 13:07:31,2026-04-08 17:18:22,high
468,Livraison,5,2026-03-29 13:07:31,2026-04-04 03:36:21,low
469,Paiement,5,2026-04-02 13:07:31,2026-04-04 12:17:26,low
470,Service,3,2026-04-16 13:07:31,2026-04-17 13:15:50,low
471,Service,5,2026-04-01 13:07:31,2026-04-02 04:42:14,medium
472,Livraison,3,2026-04-02 13:07:31,2026-04-04 01:02:02,high
473,Service,3,2026-03-30 13:07:31,2026-03-31 01:20:43,high
474,Service,2,2026-04-06 13:07:31,2026-04-06 14:07:31,medium
475,Service,4,2026-03-27 13:07:31,2026-03-28 13:54:20,low
476,Paiement,2,2026-04-03 13:07:31,2026-04-03 20:08:28,high
477,Livraison,1,2026-03-27 13:07:31,2026-03-29 21:40:07,medium
478,Technique,2,2026-03-31 13:07:31,2026-04-02 07:44:17,medium
479,Service,4,2026-03-31 13:07:31,2026-03-31 20:00:37,high
480,Service,4,2026-04-10 13:07:31,2026-04-11 03:40:05,medium
481,Technique,1,2026-03-25 13:07:31,2026-03-27 00:33:05,medium
482,Technique,4,2026-03-27 13:07:31,2026-03-29 11:31:07,medium
483,Technique,4,2026-04-02 13:07:31,2026-04-04 18:58:41,medium
484,Technique,1,2026-04-18 13:07:31,2026-04-21 01:17:16,low
485,Technique,1,2026-03-31 13:07:31,2026-04-03 09:22:12,low
486,Technique,4,2026-03-30 13:07:31,2026-03-31 18:58:07,high
487,Technique,3,2026-04-06 13:07:31,2026-04-09 12:39:12,low
488,Service,3,2026-04-06 13:07:31,2026-04-07 00:41:45,medium
489,Livraison,4,2026-04-20 13:07:31,2026-04-25 19:18:57,low
490,Service,3,2026-03-30 13:07:31,2026-03-30 16:38:48,high
491,Livraison,5,2026-04-16 13:07:31,2026-04-20 05:10:06,medium
492,Livraison,2,2026-04-05 13:07:31,2026-04-08 10:25:35,medium
493,Service,1,2026-04-18 13:07:31,2026-04-19 01:44:55,low
494,Service,2,2026-04-10 13:07:31,2026-04-11 02:58:35,medium
495,Paiement,2,2026-03-25 13:07:31,2026-03-27 01:07:28,low
496,Technique,1,2026-04-12 13:07:31,2026-04-15 05:57:28,low
497,Service,4,2026-04-09 13:07:31,2026-04-10 03:28:48,medium
498,Paiement,1,2026-03-31 13:07:31,2026-04-01 09:30:26,medium
499,Paiement,4,2026-04-15 13:07:31,2026-04-16 05:29:47,high
500,Service,3,2026-03-26 13:07:31,2026-03-27 09:30:06,low
